nama,kategori,harga
Shared Mobile 1 Hari CapCut Pro,CapCut,7500
Shared Duo 1 Hari CapCut Pro,CapCut,8500
Invite 1 Hari CapCut Pro,CapCut,9500
Shared Mobile 6-7 Hari CapCut Pro,CapCut,10500
Shared Duo 6-7 Hari CapCut Pro,CapCut,13000
Private 6-7 Hari CapCut Pro,CapCut,15000
Shared Mobile 28-30 Hari CapCut Pro,CapCut,23000
Shared Duo 28 Hari CapCut Pro,CapCut,30000
Invite 1 Bulan CapCut Pro,CapCut,44000
Canva Tim Pro 1 Bulan,Canva,23000
Invite Pro + Designer Canva,Canva,13000
Invite Pro 1 Bulan Canva,Canva,10000
Netflix 3 Hari,Netflix,10000
Netflix Promo 28 Hari,Netflix,25000
